videoName,MOS,std,new_videoname
Beauty_1080p_120hz_q_27,64.65931492,10.73252798,Beauty_1080p_120hz-QP-27.mp4
Beauty_1080p_120hz_q_29,59.19211721,9.251737172,Beauty_1080p_120hz-QP-29.mp4
Beauty_1080p_120hz_q_35,43.36840406,8.596659025,Beauty_1080p_120hz-QP-35.mp4
Beauty_1080p_120hz_q_41,30.48383404,6.927671097,Beauty_1080p_120hz-QP-41.mp4
Beauty_1080p_60hz_q_25,64.42996219,6.679528101,Beauty_1080p_60hz-QP-25.mp4
Beauty_1080p_60hz_q_33,48.95367515,13.08857459,Beauty_1080p_60hz-QP-33.mp4
Beauty_1080p_60hz_q_39,33.18379077,6.583724151,Beauty_1080p_60hz-QP-39.mp4
Beauty_2160p_120hz_q_29,66.51391356,6.377286952,Beauty_2160p_120hz-QP-29.mp4
Beauty_2160p_120hz_q_33,60.73444773,10.70953087,Beauty_2160p_120hz-QP-33.mp4
Beauty_2160p_120hz_q_37,52.96299361,9.45384974,Beauty_2160p_120hz-QP-37.mp4
Beauty_2160p_120hz_q_43,39.65983437,9.241382963,Beauty_2160p_120hz-QP-43.mp4
Beauty_2160p_120hz_q_49,24.57591922,8.623660257,Beauty_2160p_120hz-QP-49.mp4
Beauty_2160p_60hz_q_31,64.22599208,8.686896377,Beauty_2160p_60hz-QP-31.mp4
Beauty_2160p_60hz_q_35,58.15556201,8.848152588,Beauty_2160p_60hz-QP-35.mp4
Beauty_2160p_60hz_q_39,47.77082147,8.304578175,Beauty_2160p_60hz-QP-39.mp4
Beauty_2160p_60hz_q_45,31.27481605,6.07482201,Beauty_2160p_60hz-QP-45.mp4
Beauty_540p_120hz_q_19,67.15666953,7.521796836,Beauty_540p_120hz-QP-19.mp4
Beauty_540p_120hz_q_23,59.41288259,8.803326214,Beauty_540p_120hz-QP-23.mp4
Beauty_540p_120hz_q_29,46.23895326,9.21023298,Beauty_540p_120hz-QP-29.mp4
Beauty_540p_120hz_q_33,35.26968937,7.841634475,Beauty_540p_120hz-QP-33.mp4
Beauty_540p_60hz_q_21,63.49839071,9.259166471,Beauty_540p_60hz-QP-21.mp4
Beauty_540p_60hz_q_27,50.42594037,10.54956397,Beauty_540p_60hz-QP-27.mp4
Beauty_540p_60hz_q_31,43.49250254,10.4585567,Beauty_540p_60hz-QP-31.mp4
Beauty_720p_120hz_q_23,64.85226714,9.676582355,Beauty_720p_120hz-QP-23.mp4
Beauty_720p_120hz_q_27,56.25512233,9.062370606,Beauty_720p_120hz-QP-27.mp4
Beauty_720p_120hz_q_31,42.46125112,8.571108336,Beauty_720p_120hz-QP-31.mp4
Beauty_720p_120hz_q_37,30.70403744,8.97629729,Beauty_720p_120hz-QP-37.mp4
Beauty_720p_60hz_q_21,65.10861273,9.084421605,Beauty_720p_60hz-QP-21.mp4
Beauty_720p_60hz_q_29,51.39333774,9.478637449,Beauty_720p_60hz-QP-29.mp4
Beauty_720p_60hz_q_33,39.90107184,10.67139286,Beauty_720p_60hz-QP-33.mp4
Dancers_1080p_30hz_q_25,59.95899537,10.07583953,Dancers_1080p_30hz-QP-25.mp4
Dancers_1080p_30hz_q_29,58.70191707,11.17652117,Dancers_1080p_30hz-QP-29.mp4
Dancers_1080p_30hz_q_35,37.27738084,7.053745724,Dancers_1080p_30hz-QP-35.mp4
Dancers_1080p_60hz_q_25,64.72757002,7.656508392,Dancers_1080p_60hz-QP-25.mp4
Dancers_1080p_60hz_q_31,55.43373679,8.832920998,Dancers_1080p_60hz-QP-31.mp4
Dancers_1080p_60hz_q_39,32.49749076,7.610174837,Dancers_1080p_60hz-QP-39.mp4
Dancers_2160p_30hz_q_31,59.21729658,7.66702232,Dancers_2160p_30hz-QP-31.mp4
Dancers_2160p_30hz_q_35,55.6267489,7.9187413,Dancers_2160p_30hz-QP-35.mp4
Dancers_2160p_30hz_q_41,36.34317375,9.49464276,Dancers_2160p_30hz-QP-41.mp4
Dancers_2160p_30hz_q_45,24.21683011,6.132018313,Dancers_2160p_30hz-QP-45.mp4
Dancers_2160p_60hz_q_25,71.86991396,6.42451676,Dancers_2160p_60hz-QP-25.mp4
Dancers_2160p_60hz_q_33,61.47135866,8.186762002,Dancers_2160p_60hz-QP-33.mp4
Dancers_2160p_60hz_q_39,45.73679991,10.13836503,Dancers_2160p_60hz-QP-39.mp4
Dancers_2160p_60hz_q_45,26.43365704,7.266600837,Dancers_2160p_60hz-QP-45.mp4
Dancers_2160p_60hz_q_49,19.94420153,6.387721322,Dancers_2160p_60hz-QP-49.mp4
Dancers_540p_30hz_q_17,54.48717818,13.60446657,Dancers_540p_30hz-QP-17.mp4
Dancers_540p_30hz_q_23,52.45705032,13.23381424,Dancers_540p_30hz-QP-23.mp4
Dancers_540p_30hz_q_29,44.47711949,7.855880569,Dancers_540p_30hz-QP-29.mp4
Dancers_540p_60hz_q_21,57.65420041,8.335412906,Dancers_540p_60hz-QP-21.mp4
Dancers_540p_60hz_q_25,52.7348967,7.89208391,Dancers_540p_60hz-QP-25.mp4
Dancers_540p_60hz_q_31,41.14745007,9.851878108,Dancers_540p_60hz-QP-31.mp4
Dancers_720p_30hz_q_21,62.30210648,7.660144879,Dancers_720p_30hz-QP-21.mp4
Dancers_720p_30hz_q_25,59.95191644,7.370052015,Dancers_720p_30hz-QP-25.mp4
Dancers_720p_30hz_q_31,45.32058784,8.383682288,Dancers_720p_30hz-QP-31.mp4
Dancers_720p_60hz_q_23,65.06153409,8.168999722,Dancers_720p_60hz-QP-23.mp4
Dancers_720p_60hz_q_27,57.42167107,9.183411194,Dancers_720p_60hz-QP-27.mp4
Dancers_720p_60hz_q_33,39.96837831,7.126290517,Dancers_720p_60hz-QP-33.mp4
Dinner_1080p_30hz_q_25,63.82987785,10.26832179,Dinner_1080p_30hz-QP-25.mp4
Dinner_1080p_30hz_q_29,49.80634028,9.248809124,Dinner_1080p_30hz-QP-29.mp4
Dinner_1080p_30hz_q_33,40.70033141,10.58045233,Dinner_1080p_30hz-QP-33.mp4
Dinner_1080p_60hz_q_25,65.54361778,5.737197513,Dinner_1080p_60hz-QP-25.mp4
Dinner_1080p_60hz_q_31,42.81285503,6.946842745,Dinner_1080p_60hz-QP-31.mp4
Dinner_1080p_60hz_q_35,35.57850484,8.75010479,Dinner_1080p_60hz-QP-35.mp4
Dinner_2160p_30hz_q_31,63.22078736,8.394320409,Dinner_2160p_30hz-QP-31.mp4
Dinner_2160p_30hz_q_37,44.24144204,8.381975331,Dinner_2160p_30hz-QP-37.mp4
Dinner_2160p_30hz_q_41,34.88406444,7.913015738,Dinner_2160p_30hz-QP-41.mp4
Dinner_2160p_60hz_q_25,72.13520117,6.058026161,Dinner_2160p_60hz-QP-25.mp4
Dinner_2160p_60hz_q_33,60.952719,9.528693882,Dinner_2160p_60hz-QP-33.mp4
Dinner_2160p_60hz_q_37,43.86702197,8.793239938,Dinner_2160p_60hz-QP-37.mp4
Dinner_2160p_60hz_q_41,34.00403663,5.499718001,Dinner_2160p_60hz-QP-41.mp4
Dinner_2160p_60hz_q_49,17.66977607,4.952479221,Dinner_2160p_60hz-QP-49.mp4
Dinner_540p_30hz_q_17,67.10955538,5.233602266,Dinner_540p_30hz-QP-17.mp4
Dinner_540p_30hz_q_21,60.47190695,7.03402643,Dinner_540p_30hz-QP-21.mp4
Dinner_540p_30hz_q_25,49.33936567,8.998889221,Dinner_540p_30hz-QP-25.mp4
Dinner_540p_60hz_q_19,61.67548814,7.11642698,Dinner_540p_60hz-QP-19.mp4
Dinner_540p_60hz_q_23,54.3584098,7.720454802,Dinner_540p_60hz-QP-23.mp4
Dinner_540p_60hz_q_25,48.0051974,9.183179231,Dinner_540p_60hz-QP-25.mp4
Dinner_720p_30hz_q_21,62.94415783,7.639941985,Dinner_720p_30hz-QP-21.mp4
Dinner_720p_30hz_q_25,55.08469858,8.048697711,Dinner_720p_30hz-QP-25.mp4
Dinner_720p_30hz_q_27,48.46956309,8.202050989,Dinner_720p_30hz-QP-27.mp4
Dinner_720p_60hz_q_21,66.24428199,5.876652582,Dinner_720p_60hz-QP-21.mp4
Dinner_720p_60hz_q_25,55.22415475,7.81918348,Dinner_720p_60hz-QP-25.mp4
Dinner_720p_60hz_q_29,44.53573687,8.917381282,Dinner_720p_60hz-QP-29.mp4
Discuss_1080p_30hz_q_25,69.45789246,8.482127622,Discuss_1080p_30hz-QP-25.mp4
Discuss_1080p_30hz_q_29,63.19848791,7.654809406,Discuss_1080p_30hz-QP-29.mp4
Discuss_1080p_30hz_q_33,49.39506988,10.49498087,Discuss_1080p_30hz-QP-33.mp4
Discuss_1080p_30hz_q_37,32.8758809,10.13040759,Discuss_1080p_30hz-QP-37.mp4
Discuss_1080p_60hz_q_25,72.28681637,7.690717,Discuss_1080p_60hz-QP-25.mp4
Discuss_1080p_60hz_q_29,67.3800345,5.913251793,Discuss_1080p_60hz-QP-29.mp4
Discuss_1080p_60hz_q_35,41.45294635,10.56814586,Discuss_1080p_60hz-QP-35.mp4
Discuss_1080p_60hz_q_39,25.77819262,7.766922985,Discuss_1080p_60hz-QP-39.mp4
Discuss_2160p_30hz_q_31,70.00294617,6.864051077,Discuss_2160p_30hz-QP-31.mp4
Discuss_2160p_30hz_q_35,65.024864,6.72090924,Discuss_2160p_30hz-QP-35.mp4
Discuss_2160p_30hz_q_41,37.00358333,11.5721898,Discuss_2160p_30hz-QP-41.mp4
Discuss_2160p_30hz_q_45,24.10974026,6.731576883,Discuss_2160p_30hz-QP-45.mp4
Discuss_2160p_60hz_q_27,76.19015896,5.350939197,Discuss_2160p_60hz-QP-27.mp4
Discuss_2160p_60hz_q_33,74.07155655,8.961321799,Discuss_2160p_60hz-QP-33.mp4
Discuss_2160p_60hz_q_37,62.30584389,9.515001284,Discuss_2160p_60hz-QP-37.mp4
Discuss_2160p_60hz_q_43,29.91577694,7.141340126,Discuss_2160p_60hz-QP-43.mp4
Discuss_2160p_60hz_q_49,18.38287015,5.62427938,Discuss_2160p_60hz-QP-49.mp4
Discuss_540p_30hz_q_17,61.98187849,6.880831968,Discuss_540p_30hz-QP-17.mp4
Discuss_540p_30hz_q_21,57.94512115,7.915659615,Discuss_540p_30hz-QP-21.mp4
Discuss_540p_30hz_q_29,41.1663091,9.056999514,Discuss_540p_30hz-QP-29.mp4
Discuss_540p_60hz_q_19,59.18631205,9.319872556,Discuss_540p_60hz-QP-19.mp4
Discuss_540p_60hz_q_23,56.17785422,11.18835018,Discuss_540p_60hz-QP-23.mp4
Discuss_540p_60hz_q_31,31.76372612,6.432697478,Discuss_540p_60hz-QP-31.mp4
Discuss_720p_30hz_q_21,65.85239651,6.289337574,Discuss_720p_30hz-QP-21.mp4
Discuss_720p_30hz_q_25,61.20826419,9.604754598,Discuss_720p_30hz-QP-25.mp4
Discuss_720p_30hz_q_29,49.44904217,9.350699651,Discuss_720p_30hz-QP-29.mp4
Discuss_720p_30hz_q_33,35.22744313,6.558321892,Discuss_720p_30hz-QP-33.mp4
Discuss_720p_60hz_q_21,70.59505904,6.47698767,Discuss_720p_60hz-QP-21.mp4
Discuss_720p_60hz_q_25,63.14258478,7.288642009,Discuss_720p_60hz-QP-25.mp4
Discuss_720p_60hz_q_31,40.79860512,9.930323722,Discuss_720p_60hz-QP-31.mp4
Discuss_720p_60hz_q_35,29.1659092,8.165945935,Discuss_720p_60hz-QP-35.mp4
Football_1080p_30hz_q_27,62.44739925,11.35090934,Football_1080p_30hz-QP-27.mp4
Football_1080p_30hz_q_31,60.46183746,10.86539216,Football_1080p_30hz-QP-31.mp4
Football_1080p_30hz_q_35,52.81955647,12.76756489,Football_1080p_30hz-QP-35.mp4
Football_1080p_30hz_q_41,34.08679973,9.559051461,Football_1080p_30hz-QP-41.mp4
Football_1080p_60hz_q_29,70.98917506,7.700802215,Football_1080p_60hz-QP-29.mp4
Football_1080p_60hz_q_33,65.85271188,7.385088592,Football_1080p_60hz-QP-33.mp4
Football_1080p_60hz_q_37,55.85401753,9.672967412,Football_1080p_60hz-QP-37.mp4
Football_1080p_60hz_q_43,32.96810012,9.560294013,Football_1080p_60hz-QP-43.mp4
Football_2160p_30hz_q_33,66.46562088,11.92727559,Football_2160p_30hz-QP-33.mp4
Football_2160p_30hz_q_39,57.75189886,11.75674092,Football_2160p_30hz-QP-39.mp4
Football_2160p_30hz_q_43,49.03536866,8.858978701,Football_2160p_30hz-QP-43.mp4
Football_2160p_30hz_q_47,31.90501164,9.299299761,Football_2160p_30hz-QP-47.mp4
Football_2160p_60hz_q_27,74.45969635,5.711645487,Football_2160p_60hz-QP-27.mp4
Football_2160p_60hz_q_35,72.51023411,8.854680136,Football_2160p_60hz-QP-35.mp4
Football_2160p_60hz_q_41,62.82063371,9.568287361,Football_2160p_60hz-QP-41.mp4
Football_2160p_60hz_q_45,49.15831442,12.00686419,Football_2160p_60hz-QP-45.mp4
Football_2160p_60hz_q_51,23.1839272,7.18211194,Football_2160p_60hz-QP-51.mp4
Football_540p_30hz_q_17,54.82825941,11.74302791,Football_540p_30hz-QP-17.mp4
Football_540p_30hz_q_23,52.74189678,10.67904359,Football_540p_30hz-QP-23.mp4
Football_540p_30hz_q_33,37.48675137,8.523867816,Football_540p_30hz-QP-33.mp4
Football_540p_60hz_q_21,60.35777605,8.91312486,Football_540p_60hz-QP-21.mp4
Football_540p_60hz_q_27,53.69049865,9.512844549,Football_540p_60hz-QP-27.mp4
Football_540p_60hz_q_35,35.97199585,6.80878739,Football_540p_60hz-QP-35.mp4
Football_720p_30hz_q_21,63.20906893,8.504986569,Football_720p_30hz-QP-21.mp4
Football_720p_30hz_q_27,58.52525412,10.59696776,Football_720p_30hz-QP-27.mp4
Football_720p_30hz_q_31,53.11182875,11.06945555,Football_720p_30hz-QP-31.mp4
Football_720p_30hz_q_37,35.96548348,10.52978037,Football_720p_30hz-QP-37.mp4
Football_720p_60hz_q_25,67.96050688,7.731009743,Football_720p_60hz-QP-25.mp4
Football_720p_60hz_q_29,63.37372327,9.144320409,Football_720p_60hz-QP-29.mp4
Football_720p_60hz_q_33,50.76448326,9.99406555,Football_720p_60hz-QP-33.mp4
Football_720p_60hz_q_39,32.50953374,9.227908399,Football_720p_60hz-QP-39.mp4
HoneyBee_1080p_120hz_q_23,69.22118314,11.79167354,Honeybee_1080p_120hz-QP-23.mp4
HoneyBee_1080p_120hz_q_27,66.22644549,10.7001289,Honeybee_1080p_120hz-QP-27.mp4
HoneyBee_1080p_120hz_q_33,52.23413426,9.000356859,Honeybee_1080p_120hz-QP-33.mp4
HoneyBee_1080p_120hz_q_37,38.96917578,9.754504249,Honeybee_1080p_120hz-QP-37.mp4
HoneyBee_1080p_60hz_q_23,68.14364785,6.116947175,Honeybee_1080p_60hz-QP-23.mp4
HoneyBee_1080p_60hz_q_27,67.57232763,6.770023531,Honeybee_1080p_60hz-QP-27.mp4
HoneyBee_1080p_60hz_q_31,56.66665485,12.79170538,Honeybee_1080p_60hz-QP-31.mp4
HoneyBee_1080p_60hz_q_35,49.07435281,10.39408239,Honeybee_1080p_60hz-QP-35.mp4
HoneyBee_2160p_120hz_q_25,70.2485305,6.287628916,Honeybee_2160p_120hz-QP-25.mp4
HoneyBee_2160p_120hz_q_29,69.25786731,7.156846874,Honeybee_2160p_120hz-QP-29.mp4
HoneyBee_2160p_120hz_q_35,58.90178433,11.01960691,Honeybee_2160p_120hz-QP-35.mp4
HoneyBee_2160p_120hz_q_43,39.40080551,11.33320102,Honeybee_2160p_120hz-QP-43.mp4
HoneyBee_2160p_120hz_q_51,19.64872995,4.296190505,Honeybee_2160p_120hz-QP-51.mp4
HoneyBee_2160p_60hz_q_29,64.82842184,10.08627854,Honeybee_2160p_60hz-QP-29.mp4
HoneyBee_2160p_60hz_q_33,62.89117419,8.150005507,Honeybee_2160p_60hz-QP-33.mp4
HoneyBee_2160p_60hz_q_39,50.4431745,10.5782033,Honeybee_2160p_60hz-QP-39.mp4
HoneyBee_2160p_60hz_q_45,31.64072062,8.963133576,Honeybee_2160p_60hz-QP-45.mp4
HoneyBee_540p_120hz_q_17,60.49929403,7.035242764,Honeybee_540p_120hz-QP-17.mp4
HoneyBee_540p_120hz_q_25,56.08081227,9.98659719,Honeybee_540p_120hz-QP-25.mp4
HoneyBee_540p_120hz_q_29,48.14661054,12.10352445,Honeybee_540p_120hz-QP-29.mp4
HoneyBee_540p_60hz_q_19,57.72536007,8.29788725,Honeybee_540p_60hz-QP-19.mp4
HoneyBee_540p_60hz_q_23,55.97263871,9.912151036,Honeybee_540p_60hz-QP-23.mp4
HoneyBee_540p_60hz_q_27,51.21379998,10.54175635,Honeybee_540p_60hz-QP-27.mp4
HoneyBee_720p_120hz_q_19,66.39627281,7.921910354,Honeybee_720p_120hz-QP-19.mp4
HoneyBee_720p_120hz_q_27,60.12279647,7.477830652,Honeybee_720p_120hz-QP-27.mp4
HoneyBee_720p_120hz_q_31,50.98547571,12.16663524,Honeybee_720p_120hz-QP-31.mp4
HoneyBee_720p_60hz_q_19,64.54659178,9.384026306,Honeybee_720p_60hz-QP-19.mp4
HoneyBee_720p_60hz_q_27,59.67344504,10.3320963,Honeybee_720p_60hz-QP-27.mp4
HoneyBee_720p_60hz_q_31,53.61206411,10.15726865,Honeybee_720p_60hz-QP-31.mp4
Jockey_1080p_120hz_q_27,65.64807153,8.107065381,Jockey_1080p_120hz-QP-27.mp4
Jockey_1080p_120hz_q_31,62.17018987,7.59635012,Jockey_1080p_120hz-QP-31.mp4
Jockey_1080p_120hz_q_35,55.51668567,8.316392441,Jockey_1080p_120hz-QP-35.mp4
Jockey_1080p_120hz_q_41,42.61992563,9.118447373,Jockey_1080p_120hz-QP-41.mp4
Jockey_1080p_60hz_q_25,66.02070289,7.380338329,Jockey_1080p_60hz-QP-25.mp4
Jockey_1080p_60hz_q_33,55.44497707,9.61186528,Jockey_1080p_60hz-QP-33.mp4
Jockey_1080p_60hz_q_37,49.16123776,8.25272251,Jockey_1080p_60hz-QP-37.mp4
Jockey_2160p_120hz_q_25,69.27260134,7.011978778,Jockey_2160p_120hz-QP-25.mp4
Jockey_2160p_120hz_q_33,66.77650168,6.322666767,Jockey_2160p_120hz-QP-33.mp4
Jockey_2160p_120hz_q_39,58.61769608,9.526528486,Jockey_2160p_120hz-QP-39.mp4
Jockey_2160p_120hz_q_45,38.00520553,7.95152541,Jockey_2160p_120hz-QP-45.mp4
Jockey_2160p_120hz_q_51,28.14211698,11.67505404,Jockey_2160p_120hz-QP-51.mp4
Jockey_2160p_60hz_q_33,63.85826441,7.274995484,Jockey_2160p_60hz-QP-33.mp4
Jockey_2160p_60hz_q_37,56.56984995,8.060523373,Jockey_2160p_60hz-QP-37.mp4
Jockey_2160p_60hz_q_43,41.67957372,8.115109016,Jockey_2160p_60hz-QP-43.mp4
Jockey_2160p_60hz_q_47,30.97434637,10.90184669,Jockey_2160p_60hz-QP-47.mp4
Jockey_540p_120hz_q_23,60.43400019,8.770564722,Jockey_540p_120hz-QP-23.mp4
Jockey_540p_120hz_q_29,54.31944656,10.66189293,Jockey_540p_120hz-QP-29.mp4
Jockey_540p_120hz_q_33,47.37657766,8.330218557,Jockey_540p_120hz-QP-33.mp4
Jockey_540p_60hz_q_21,57.50771704,9.46724327,Jockey_540p_60hz-QP-21.mp4
Jockey_540p_60hz_q_25,56.45814096,11.34412791,Jockey_540p_60hz-QP-25.mp4
Jockey_540p_60hz_q_31,49.45535488,7.914542049,Jockey_540p_60hz-QP-31.mp4
Jockey_720p_120hz_q_23,64.43919742,11.77111473,Jockey_720p_120hz-QP-23.mp4
Jockey_720p_120hz_q_27,61.82349729,11.45862993,Jockey_720p_120hz-QP-27.mp4
Jockey_720p_120hz_q_31,55.78630132,7.680670453,Jockey_720p_120hz-QP-31.mp4
Jockey_720p_120hz_q_35,47.32673227,7.835227021,Jockey_720p_120hz-QP-35.mp4
Jockey_720p_60hz_q_21,61.72839883,7.617454892,Jockey_720p_60hz-QP-21.mp4
Jockey_720p_60hz_q_29,55.58061392,10.16501584,Jockey_720p_60hz-QP-29.mp4
Jockey_720p_60hz_q_33,51.72077716,9.920455708,Jockey_720p_60hz-QP-33.mp4
Monkeys_1080p_30hz_q_27,68.69759645,5.973489286,Monkeys_1080p_30hz-QP-27.mp4
Monkeys_1080p_30hz_q_33,54.11470738,8.853751203,Monkeys_1080p_30hz-QP-33.mp4
Monkeys_1080p_30hz_q_37,40.82699737,9.343757496,Monkeys_1080p_30hz-QP-37.mp4
Monkeys_1080p_30hz_q_41,28.16558102,9.158348901,Monkeys_1080p_30hz-QP-41.mp4
Monkeys_1080p_60hz_q_29,68.6912056,7.467595307,Monkeys_1080p_60hz-QP-29.mp4
Monkeys_1080p_60hz_q_37,44.88290171,10.59133848,Monkeys_1080p_60hz-QP-37.mp4
Monkeys_1080p_60hz_q_43,24.06656671,6.135476185,Monkeys_1080p_60hz-QP-43.mp4
Monkeys_2160p_30hz_q_33,69.72276091,6.226348421,Monkeys_2160p_30hz-QP-33.mp4
Monkeys_2160p_30hz_q_39,53.17516828,10.31584892,Monkeys_2160p_30hz-QP-39.mp4
Monkeys_2160p_30hz_q_43,35.91238233,11.09762593,Monkeys_2160p_30hz-QP-43.mp4
Monkeys_2160p_30hz_q_49,19.80430012,4.672085544,Monkeys_2160p_30hz-QP-49.mp4
Monkeys_2160p_60hz_q_27,76.86753058,5.320347974,Monkeys_2160p_60hz-QP-27.mp4
Monkeys_2160p_60hz_q_35,71.3346858,5.732868452,Monkeys_2160p_60hz-QP-35.mp4
Monkeys_2160p_60hz_q_41,51.19758813,12.31618094,Monkeys_2160p_60hz-QP-41.mp4
Monkeys_2160p_60hz_q_45,33.80737442,8.910208246,Monkeys_2160p_60hz-QP-45.mp4
Monkeys_2160p_60hz_q_51,20.27450544,6.97737888,Monkeys_2160p_60hz-QP-51.mp4
Monkeys_540p_30hz_q_17,65.08759379,7.361992741,Monkeys_540p_30hz-QP-17.mp4
Monkeys_540p_30hz_q_25,56.09414137,9.360418391,Monkeys_540p_30hz-QP-25.mp4
Monkeys_540p_30hz_q_29,45.5112454,8.782827554,Monkeys_540p_30hz-QP-29.mp4
Monkeys_540p_30hz_q_33,29.25230452,6.247922493,Monkeys_540p_30hz-QP-33.mp4
Monkeys_540p_60hz_q_19,64.96786329,10.04381774,Monkeys_540p_60hz-QP-19.mp4
Monkeys_540p_60hz_q_27,49.76037817,10.47531157,Monkeys_540p_60hz-QP-27.mp4
Monkeys_540p_60hz_q_31,35.51465747,6.331335566,Monkeys_540p_60hz-QP-31.mp4
Monkeys_540p_60hz_q_35,30.11755972,9.769317862,Monkeys_540p_60hz-QP-35.mp4
Monkeys_720p_30hz_q_21,68.34218281,5.509428247,Monkeys_720p_30hz-QP-21.mp4
Monkeys_720p_30hz_q_31,47.16567195,10.18853858,Monkeys_720p_30hz-QP-31.mp4
Monkeys_720p_30hz_q_37,29.54134559,8.70425134,Monkeys_720p_30hz-QP-37.mp4
Monkeys_720p_60hz_q_23,67.88338486,8.101645016,Monkeys_720p_60hz-QP-23.mp4
Monkeys_720p_60hz_q_33,40.78427636,11.63414043,Monkeys_720p_60hz-QP-33.mp4
Monkeys_720p_60hz_q_39,24.33047473,6.665312273,Monkeys_720p_60hz-QP-39.mp4
Narrator_1080p_30hz_q_25,64.3491476,7.588187826,Narrator_1080p_30hz-QP-25.mp4
Narrator_1080p_30hz_q_29,60.95345633,7.797034708,Narrator_1080p_30hz-QP-29.mp4
Narrator_1080p_30hz_q_35,43.17943293,7.912934611,Narrator_1080p_30hz-QP-35.mp4
Narrator_1080p_30hz_q_39,33.5726561,7.888767665,Narrator_1080p_30hz-QP-39.mp4
Narrator_1080p_60hz_q_27,65.68196121,7.375016987,Narrator_1080p_60hz-QP-27.mp4
Narrator_1080p_60hz_q_31,55.90759231,8.137099978,Narrator_1080p_60hz-QP-31.mp4
Narrator_1080p_60hz_q_37,37.17333106,8.806996728,Narrator_1080p_60hz-QP-37.mp4
Narrator_1080p_60hz_q_41,28.26695245,6.435339374,Narrator_1080p_60hz-QP-41.mp4
Narrator_2160p_30hz_q_31,65.25696638,6.810828655,Narrator_2160p_30hz-QP-31.mp4
Narrator_2160p_30hz_q_37,55.93221816,11.79056157,Narrator_2160p_30hz-QP-37.mp4
Narrator_2160p_30hz_q_43,35.42198686,7.591030238,Narrator_2160p_30hz-QP-43.mp4
Narrator_2160p_30hz_q_47,25.61769249,6.127142602,Narrator_2160p_30hz-QP-47.mp4
Narrator_2160p_60hz_q_25,70.54440009,6.553840225,Narrator_2160p_60hz-QP-25.mp4
Narrator_2160p_60hz_q_33,64.97101436,9.088146025,Narrator_2160p_60hz-QP-33.mp4
Narrator_2160p_60hz_q_39,45.08975541,7.678857561,Narrator_2160p_60hz-QP-39.mp4
Narrator_2160p_60hz_q_45,31.14634801,6.767671451,Narrator_2160p_60hz-QP-45.mp4
Narrator_2160p_60hz_q_51,20.96095965,6.797772107,Narrator_2160p_60hz-QP-51.mp4
Narrator_540p_30hz_q_17,58.61372798,9.883548713,Narrator_540p_30hz-QP-17.mp4
Narrator_540p_30hz_q_23,50.30384022,8.296371538,Narrator_540p_30hz-QP-23.mp4
Narrator_540p_30hz_q_33,35.7452952,6.848985032,Narrator_540p_30hz-QP-33.mp4
Narrator_540p_60hz_q_19,57.48914256,9.31348701,Narrator_540p_60hz-QP-19.mp4
Narrator_540p_60hz_q_25,50.37722292,8.460798316,Narrator_540p_60hz-QP-25.mp4
Narrator_540p_60hz_q_35,29.10297825,8.454926101,Narrator_540p_60hz-QP-35.mp4
Narrator_720p_30hz_q_21,61.57447285,6.237077307,Narrator_720p_30hz-QP-21.mp4
Narrator_720p_30hz_q_25,57.36501887,9.492456442,Narrator_720p_30hz-QP-25.mp4
Narrator_720p_30hz_q_31,44.7218763,7.737643312,Narrator_720p_30hz-QP-31.mp4
Narrator_720p_30hz_q_35,35.2694298,5.113964501,Narrator_720p_30hz-QP-35.mp4
Narrator_720p_60hz_q_23,62.03252218,8.273520031,Narrator_720p_60hz-QP-23.mp4
Narrator_720p_60hz_q_27,56.16442541,7.666531956,Narrator_720p_60hz-QP-27.mp4
Narrator_720p_60hz_q_33,39.86222944,6.209120834,Narrator_720p_60hz-QP-33.mp4
Narrator_720p_60hz_q_37,31.76175009,9.225425536,Narrator_720p_60hz-QP-37.mp4
Ready_1080p_120hz_q_31,68.84124607,10.67139458,Ready_1080p_120hz-QP-31.mp4
Ready_1080p_120hz_q_37,61.01540676,9.64756243,Ready_1080p_120hz-QP-37.mp4
Ready_1080p_120hz_q_43,40.73854776,11.01115935,Ready_1080p_120hz-QP-43.mp4
Ready_1080p_60hz_q_27,68.53020932,6.394872633,Ready_1080p_60hz-QP-27.mp4
Ready_1080p_60hz_q_33,62.35509565,7.434612075,Ready_1080p_60hz-QP-33.mp4
Ready_1080p_60hz_q_37,58.66673059,8.956692971,Ready_1080p_60hz-QP-37.mp4
Ready_1080p_60hz_q_41,46.46562464,10.2929122,Ready_1080p_60hz-QP-41.mp4
Ready_2160p_120hz_q_27,74.6993181,5.849285339,Ready_2160p_120hz-QP-27.mp4
Ready_2160p_120hz_q_37,70.80612554,9.122730454,Ready_2160p_120hz-QP-37.mp4
Ready_2160p_120hz_q_43,60.68346211,10.35037222,Ready_2160p_120hz-QP-43.mp4
Ready_2160p_120hz_q_47,42.45127682,9.904557753,Ready_2160p_120hz-QP-47.mp4
Ready_2160p_120hz_q_51,28.25314097,10.48733746,Ready_2160p_120hz-QP-51.mp4
Ready_2160p_60hz_q_35,67.6966915,8.547560418,Ready_2160p_60hz-QP-35.mp4
Ready_2160p_60hz_q_41,60.14419725,8.06332786,Ready_2160p_60hz-QP-41.mp4
Ready_2160p_60hz_q_45,47.10048203,11.23766358,Ready_2160p_60hz-QP-45.mp4
Ready_2160p_60hz_q_47,37.42879649,10.83932245,Ready_2160p_60hz-QP-47.mp4
Ready_540p_120hz_q_25,63.050587,9.160389592,Ready_540p_120hz-QP-25.mp4
Ready_540p_120hz_q_33,51.62398629,8.961957957,Ready_540p_120hz-QP-33.mp4
Ready_540p_120hz_q_37,38.44755094,11.07771239,Ready_540p_120hz-QP-37.mp4
Ready_540p_60hz_q_21,62.02383291,7.235136705,Ready_540p_60hz-QP-21.mp4
Ready_540p_60hz_q_27,54.01980388,8.411725817,Ready_540p_60hz-QP-27.mp4
Ready_540p_60hz_q_33,45.62971451,9.781554886,Ready_540p_60hz-QP-33.mp4
Ready_720p_120hz_q_27,66.10825096,7.487393067,Ready_720p_120hz-QP-27.mp4
Ready_720p_120hz_q_33,62.21190082,7.032128993,Ready_720p_120hz-QP-33.mp4
Ready_720p_120hz_q_39,45.99447844,11.7959359,Ready_720p_120hz-QP-39.mp4
Ready_720p_60hz_q_23,65.68175444,9.23057085,Ready_720p_60hz-QP-23.mp4
Ready_720p_60hz_q_29,62.23267401,7.784858724,Ready_720p_60hz-QP-29.mp4
Ready_720p_60hz_q_33,52.12427999,9.836314335,Ready_720p_60hz-QP-33.mp4
Ready_720p_60hz_q_37,46.39435883,9.020894055,Ready_720p_60hz-QP-37.mp4
Ritual_1080p_30hz_q_27,61.08162504,8.049245827,Ritual_1080p_30hz-QP-27.mp4
Ritual_1080p_30hz_q_31,55.34519166,9.480958117,Ritual_1080p_30hz-QP-31.mp4
Ritual_1080p_30hz_q_35,47.11202655,9.587776451,Ritual_1080p_30hz-QP-35.mp4
Ritual_1080p_30hz_q_39,36.34509438,9.088576819,Ritual_1080p_30hz-QP-39.mp4
Ritual_1080p_60hz_q_31,58.89453788,10.2245542,Ritual_1080p_60hz-QP-31.mp4
Ritual_1080p_60hz_q_37,45.65028173,11.58539236,Ritual_1080p_60hz-QP-37.mp4
Ritual_1080p_60hz_q_41,33.72530357,9.047156213,Ritual_1080p_60hz-QP-41.mp4
Ritual_2160p_30hz_q_33,60.50905934,8.998392793,Ritual_2160p_30hz-QP-33.mp4
Ritual_2160p_30hz_q_39,47.15387108,9.406465787,Ritual_2160p_30hz-QP-39.mp4
Ritual_2160p_30hz_q_43,38.90867382,10.01440745,Ritual_2160p_30hz-QP-43.mp4
Ritual_2160p_30hz_q_47,27.87049734,8.995024882,Ritual_2160p_30hz-QP-47.mp4
Ritual_2160p_60hz_q_29,71.6003949,5.648419527,Ritual_2160p_60hz-QP-29.mp4
Ritual_2160p_60hz_q_37,61.68302879,8.417044364,Ritual_2160p_60hz-QP-37.mp4
Ritual_2160p_60hz_q_41,50.24968563,9.342839321,Ritual_2160p_60hz-QP-41.mp4
Ritual_2160p_60hz_q_45,36.88930472,8.852015053,Ritual_2160p_60hz-QP-45.mp4
Ritual_2160p_60hz_q_49,23.40534088,5.53612966,Ritual_2160p_60hz-QP-49.mp4
Ritual_540p_30hz_q_21,56.29464985,10.42612301,Ritual_540p_30hz-QP-21.mp4
Ritual_540p_30hz_q_29,43.80244997,8.854305523,Ritual_540p_30hz-QP-29.mp4
Ritual_540p_30hz_q_33,38.69380748,11.86709297,Ritual_540p_30hz-QP-33.mp4
Ritual_540p_60hz_q_23,57.62415581,8.642696783,Ritual_540p_60hz-QP-23.mp4
Ritual_540p_60hz_q_31,42.16579833,9.682141938,Ritual_540p_60hz-QP-31.mp4
Ritual_540p_60hz_q_35,32.90881292,6.377740842,Ritual_540p_60hz-QP-35.mp4
Ritual_720p_30hz_q_23,59.4977548,11.34573593,Ritual_720p_30hz-QP-23.mp4
Ritual_720p_30hz_q_31,48.1782008,7.875603699,Ritual_720p_30hz-QP-31.mp4
Ritual_720p_30hz_q_35,36.27293154,5.965420029,Ritual_720p_30hz-QP-35.mp4
Ritual_720p_60hz_q_27,59.60587271,9.21553788,Ritual_720p_60hz-QP-27.mp4
Ritual_720p_60hz_q_33,46.28438622,7.467457896,Ritual_720p_60hz-QP-33.mp4
Ritual_720p_60hz_q_37,34.07437089,6.366100736,Ritual_720p_60hz-QP-37.mp4
SeaRock_1080p_30hz_q_25,61.02315473,11.325931,SeaRock_1080p_30hz-QP-25.mp4
SeaRock_1080p_30hz_q_29,56.3268657,10.94941114,SeaRock_1080p_30hz-QP-29.mp4
SeaRock_1080p_30hz_q_35,39.76801955,8.819372503,SeaRock_1080p_30hz-QP-35.mp4
SeaRock_1080p_30hz_q_39,27.65308874,8.657520833,SeaRock_1080p_30hz-QP-39.mp4
SeaRock_1080p_60hz_q_27,65.56792083,8.992411357,SeaRock_1080p_60hz-QP-27.mp4
SeaRock_1080p_60hz_q_31,51.39895052,8.258859384,SeaRock_1080p_60hz-QP-31.mp4
SeaRock_1080p_60hz_q_37,35.20582306,11.86395423,SeaRock_1080p_60hz-QP-37.mp4
SeaRock_1080p_60hz_q_41,22.01332885,5.542483867,SeaRock_1080p_60hz-QP-41.mp4
SeaRock_2160p_30hz_q_31,63.83722772,8.97752994,SeaRock_2160p_30hz-QP-31.mp4
SeaRock_2160p_30hz_q_37,51.02883846,9.61156317,SeaRock_2160p_30hz-QP-37.mp4
SeaRock_2160p_30hz_q_43,32.21612404,6.342101524,SeaRock_2160p_30hz-QP-43.mp4
SeaRock_2160p_30hz_q_47,20.59987541,6.016577617,SeaRock_2160p_30hz-QP-47.mp4
SeaRock_2160p_60hz_q_27,72.90278765,6.512807442,SeaRock_2160p_60hz-QP-27.mp4
SeaRock_2160p_60hz_q_33,64.89309492,8.555022665,SeaRock_2160p_60hz-QP-33.mp4
SeaRock_2160p_60hz_q_39,47.76058631,9.032016415,SeaRock_2160p_60hz-QP-39.mp4
SeaRock_2160p_60hz_q_45,28.08911301,7.80029677,SeaRock_2160p_60hz-QP-45.mp4
SeaRock_2160p_60hz_q_51,17.81515929,6.407364655,SeaRock_2160p_60hz-QP-51.mp4
SeaRock_540p_30hz_q_17,61.88918301,8.263802456,SeaRock_540p_30hz-QP-17.mp4
SeaRock_540p_30hz_q_23,56.46444444,9.591694333,SeaRock_540p_30hz-QP-23.mp4
SeaRock_540p_30hz_q_33,27.39577277,9.463485565,SeaRock_540p_30hz-QP-33.mp4
SeaRock_540p_60hz_q_19,64.83191812,9.305438923,SeaRock_540p_60hz-QP-19.mp4
SeaRock_540p_60hz_q_25,50.29968153,9.103881863,SeaRock_540p_60hz-QP-25.mp4
SeaRock_540p_60hz_q_33,26.68268472,7.709112949,SeaRock_540p_60hz-QP-33.mp4
SeaRock_720p_30hz_q_21,62.69171785,11.22035996,SeaRock_720p_30hz-QP-21.mp4
SeaRock_720p_30hz_q_25,56.40155099,8.429760168,SeaRock_720p_30hz-QP-25.mp4
SeaRock_720p_30hz_q_31,39.14094294,9.240851835,SeaRock_720p_30hz-QP-31.mp4
SeaRock_720p_30hz_q_35,28.25610146,7.556526211,SeaRock_720p_30hz-QP-35.mp4
SeaRock_720p_60hz_q_23,65.25485153,7.11016009,SeaRock_720p_60hz-QP-23.mp4
SeaRock_720p_60hz_q_27,54.43750312,9.013279889,SeaRock_720p_60hz-QP-27.mp4
SeaRock_720p_60hz_q_33,32.9363157,10.56556305,SeaRock_720p_60hz-QP-33.mp4
SeaRock_720p_60hz_q_37,22.75990778,8.092052322,SeaRock_720p_60hz-QP-37.mp4
Toddler_1080p_30hz_q_29,59.44184238,11.84104965,Toddler_1080p_30hz-QP-29.mp4
Toddler_1080p_30hz_q_33,53.2212319,11.37977049,Toddler_1080p_30hz-QP-33.mp4
Toddler_1080p_30hz_q_37,38.64414796,11.51028884,Toddler_1080p_30hz-QP-37.mp4
Toddler_1080p_30hz_q_41,27.92891714,10.71052348,Toddler_1080p_30hz-QP-41.mp4
Toddler_1080p_60hz_q_33,58.62802964,13.74977292,Toddler_1080p_60hz-QP-33.mp4
Toddler_1080p_60hz_q_37,45.07802467,12.06239749,Toddler_1080p_60hz-QP-37.mp4
Toddler_1080p_60hz_q_43,23.41502951,7.554247349,Toddler_1080p_60hz-QP-43.mp4
Toddler_2160p_30hz_q_35,59.31837069,12.59908329,Toddler_2160p_30hz-QP-35.mp4
Toddler_2160p_30hz_q_39,49.94069683,13.05634715,Toddler_2160p_30hz-QP-39.mp4
Toddler_2160p_30hz_q_43,39.46419723,11.66381682,Toddler_2160p_30hz-QP-43.mp4
Toddler_2160p_30hz_q_47,24.35031272,7.394646557,Toddler_2160p_30hz-QP-47.mp4
Toddler_2160p_60hz_q_35,65.9384345,8.39730356,Toddler_2160p_60hz-QP-35.mp4
Toddler_2160p_60hz_q_39,64.52287362,8.802006694,Toddler_2160p_60hz-QP-39.mp4
Toddler_2160p_60hz_q_43,48.79691263,14.66599482,Toddler_2160p_60hz-QP-43.mp4
Toddler_2160p_60hz_q_47,30.99657675,10.4828374,Toddler_2160p_60hz-QP-47.mp4
Toddler_2160p_60hz_q_51,19.1175809,5.086940428,Toddler_2160p_60hz-QP-51.mp4
Toddler_540p_30hz_q_19,49.63430675,9.275115037,Toddler_540p_30hz-QP-19.mp4
Toddler_540p_30hz_q_25,45.60758236,10.81471208,Toddler_540p_30hz-QP-25.mp4
Toddler_540p_30hz_q_33,28.6866833,11.00731701,Toddler_540p_30hz-QP-33.mp4
Toddler_540p_60hz_q_25,54.19775257,8.96983973,Toddler_540p_60hz-QP-25.mp4
Toddler_540p_60hz_q_29,45.40100792,11.37832439,Toddler_540p_60hz-QP-29.mp4
Toddler_540p_60hz_q_37,21.36241937,6.383215816,Toddler_540p_60hz-QP-37.mp4
Toddler_720p_30hz_q_23,56.66101824,12.16746465,Toddler_720p_30hz-QP-23.mp4
Toddler_720p_30hz_q_29,50.19803795,9.347219794,Toddler_720p_30hz-QP-29.mp4
Toddler_720p_30hz_q_33,37.65447939,9.390528921,Toddler_720p_30hz-QP-33.mp4
Toddler_720p_30hz_q_37,28.98834297,12.13168465,Toddler_720p_30hz-QP-37.mp4
Toddler_720p_60hz_q_29,56.61824941,8.489412788,Toddler_720p_60hz-QP-29.mp4
Toddler_720p_60hz_q_33,44.51014543,10.06708236,Toddler_720p_60hz-QP-33.mp4
Toddler_720p_60hz_q_37,28.45790419,8.261968972,Toddler_720p_60hz-QP-37.mp4
Toddler_720p_60hz_q_39,24.91644129,8.107188658,Toddler_720p_60hz-QP-39.mp4
Tunnel_1080p_30hz_q_29,60.54438736,12.36243399,Tunnel_1080p_30hz-QP-29.mp4
Tunnel_1080p_30hz_q_33,51.40380442,11.88002236,Tunnel_1080p_30hz-QP-33.mp4
Tunnel_1080p_30hz_q_37,47.71490865,11.14524057,Tunnel_1080p_30hz-QP-37.mp4
Tunnel_1080p_30hz_q_41,32.28928218,9.659564229,Tunnel_1080p_30hz-QP-41.mp4
Tunnel_1080p_60hz_q_31,66.26015547,8.936915243,Tunnel_1080p_60hz-QP-31.mp4
Tunnel_1080p_60hz_q_35,58.30674018,10.01039155,Tunnel_1080p_60hz-QP-35.mp4
Tunnel_1080p_60hz_q_39,41.43212297,8.659036408,Tunnel_1080p_60hz-QP-39.mp4
Tunnel_1080p_60hz_q_43,29.82179498,8.391295936,Tunnel_1080p_60hz-QP-43.mp4
Tunnel_2160p_30hz_q_35,61.1358742,11.01124402,Tunnel_2160p_30hz-QP-35.mp4
Tunnel_2160p_30hz_q_39,54.65044658,9.014181337,Tunnel_2160p_30hz-QP-39.mp4
Tunnel_2160p_30hz_q_47,34.7008399,8.448381041,Tunnel_2160p_30hz-QP-47.mp4
Tunnel_2160p_60hz_q_27,70.64345076,8.894862452,Tunnel_2160p_60hz-QP-27.mp4
Tunnel_2160p_60hz_q_37,64.32440926,10.66666326,Tunnel_2160p_60hz-QP-37.mp4
Tunnel_2160p_60hz_q_41,53.26179947,10.80513915,Tunnel_2160p_60hz-QP-41.mp4
Tunnel_2160p_60hz_q_47,34.40581471,9.785070734,Tunnel_2160p_60hz-QP-47.mp4
Tunnel_2160p_60hz_q_51,25.07724638,6.741414489,Tunnel_2160p_60hz-QP-51.mp4
Tunnel_540p_30hz_q_23,47.56824971,11.75925399,Tunnel_540p_30hz-QP-23.mp4
Tunnel_540p_30hz_q_27,42.75724218,10.35749646,Tunnel_540p_30hz-QP-27.mp4
Tunnel_540p_30hz_q_33,35.30044775,8.931402634,Tunnel_540p_30hz-QP-33.mp4
Tunnel_540p_60hz_q_25,48.51306662,11.37727838,Tunnel_540p_60hz-QP-25.mp4
Tunnel_540p_60hz_q_29,40.84017517,10.2372462,Tunnel_540p_60hz-QP-29.mp4
Tunnel_540p_60hz_q_35,30.62637179,9.980429961,Tunnel_540p_60hz-QP-35.mp4
Tunnel_720p_30hz_q_25,54.66093375,8.961683667,Tunnel_720p_30hz-QP-25.mp4
Tunnel_720p_30hz_q_29,52.25879222,11.9779266,Tunnel_720p_30hz-QP-29.mp4
Tunnel_720p_30hz_q_37,36.32299616,8.834693457,Tunnel_720p_30hz-QP-37.mp4
Tunnel_720p_60hz_q_27,56.14441161,8.856587167,Tunnel_720p_60hz-QP-27.mp4
Tunnel_720p_60hz_q_31,47.09901482,10.05190293,Tunnel_720p_60hz-QP-31.mp4
Tunnel_720p_60hz_q_39,33.10348216,9.417257149,Tunnel_720p_60hz-QP-39.mp4
Yacht_1080p_120hz_q_33,64.1451442,10.5302905,Yacht_1080p_120hz-QP-33.mp4
Yacht_1080p_120hz_q_37,56.11735823,8.893208825,Yacht_1080p_120hz-QP-37.mp4
Yacht_1080p_120hz_q_43,36.1415256,6.918606072,Yacht_1080p_120hz-QP-43.mp4
Yacht_1080p_60hz_q_29,62.82222387,9.89684368,Yacht_1080p_60hz-QP-29.mp4
Yacht_1080p_60hz_q_35,60.34607714,7.24295521,Yacht_1080p_60hz-QP-35.mp4
Yacht_1080p_60hz_q_41,44.09188161,10.89060381,Yacht_1080p_60hz-QP-41.mp4
Yacht_2160p_120hz_q_31,70.64811008,7.680264029,Yacht_2160p_120hz-QP-31.mp4
Yacht_2160p_120hz_q_39,65.83188523,7.246386151,Yacht_2160p_120hz-QP-39.mp4
Yacht_2160p_120hz_q_43,52.76919729,10.17125667,Yacht_2160p_120hz-QP-43.mp4
Yacht_2160p_120hz_q_47,39.07483887,7.097385614,Yacht_2160p_120hz-QP-47.mp4
Yacht_2160p_120hz_q_51,26.48720674,6.592445444,Yacht_2160p_120hz-QP-51.mp4
Yacht_2160p_60hz_q_37,65.28776605,9.514565316,Yacht_2160p_60hz-QP-37.mp4
Yacht_2160p_60hz_q_41,54.98372209,11.50318046,Yacht_2160p_60hz-QP-41.mp4
Yacht_2160p_60hz_q_45,47.59730092,9.167706724,Yacht_2160p_60hz-QP-45.mp4
Yacht_2160p_60hz_q_49,32.56379282,7.466928112,Yacht_2160p_60hz-QP-49.mp4
Yacht_540p_120hz_q_25,59.23582894,9.381693988,Yacht_540p_120hz-QP-25.mp4
Yacht_540p_120hz_q_31,52.89967579,7.339126107,Yacht_540p_120hz-QP-31.mp4
Yacht_540p_120hz_q_37,35.83853214,9.1575222,Yacht_540p_120hz-QP-37.mp4
Yacht_540p_60hz_q_23,58.51752561,8.775498998,Yacht_540p_60hz-QP-23.mp4
Yacht_540p_60hz_q_27,56.46140156,9.698804518,Yacht_540p_60hz-QP-27.mp4
Yacht_540p_60hz_q_35,40.84109063,8.21253949,Yacht_540p_60hz-QP-35.mp4
Yacht_720p_120hz_q_29,60.71914055,8.404051418,Yacht_720p_120hz-QP-29.mp4
Yacht_720p_120hz_q_33,57.87210445,11.83005613,Yacht_720p_120hz-QP-33.mp4
Yacht_720p_120hz_q_39,37.99226821,7.615170374,Yacht_720p_120hz-QP-39.mp4
Yacht_720p_60hz_q_25,61.40782147,9.403605609,Yacht_720p_60hz-QP-25.mp4
Yacht_720p_60hz_q_31,60.89843281,10.06820924,Yacht_720p_60hz-QP-31.mp4
Yacht_720p_60hz_q_37,42.44252715,8.373346691,Yacht_720p_60hz-QP-37.mp4
